dataset,method,auc,f1,flipped
twitter15,CASDI_v1,0.5780528242577578,0.5367913148371533,False
twitter15,CASDI_v2,0.6442843999769996,0.6151182919792268,False
twitter16,CASDI_v1,0.5949031154259341,0.5893416927899686,False
twitter16,CASDI_v2,0.6208570405443044,0.562363238512035,False
