train,test,method,threshold_train,flipped_train,F1,AUC
twitter15,twitter16,casdi_v2_score,0.6246330022211545,False,0.8457059679767104,0.6208570405443044
twitter16,twitter15,casdi_v2_score,0.5801622135932103,False,0.8527251642829532,0.6442843999769996
